capture_to_processing_ms,processing_to_display_ms,end_to_end_latency_ms,capture_to_processing_avg_ms,capture_to_processing_worst_ms,processing_to_display_avg_ms,processing_to_display_worst_ms,end_to_end_avg_ms,end_to_end_worst_ms,dropped_audio_samples,missed_beat_detections
38.556112,5.298476,43.854588,38.556112,38.556112,5.298476,5.298476,43.854588,43.854588,0,0
1.002943,9.805787,10.808730,19.779528,38.556112,7.552131,9.805787,27.331659,43.854588,0,0
1.940239,3.996052,5.936291,13.833098,38.556112,6.366772,9.805787,20.199870,43.854588,0,0
1.407702,42.222090,43.629792,10.726749,38.556112,15.330601,42.222090,26.057350,43.854588,0,0
1.948980,4.034663,5.983643,8.971195,38.556112,13.071414,42.222090,22.042609,43.854588,0,0
1.241925,8.514362,9.756287,7.682984,38.556112,12.311905,42.222090,19.994889,43.854588,0,0
1.578554,3.493330,5.071884,6.810922,38.556112,11.052109,42.222090,17.863031,43.854588,0,0
1.273925,8.628936,9.902861,6.118798,38.556112,10.749212,42.222090,16.868010,43.854588,0,0
0.963036,1.136240,2.099276,5.545935,38.556112,9.681104,42.222090,15.227039,43.854588,0,0
1.279332,3.674885,4.954217,5.119275,38.556112,9.080482,42.222090,14.199757,43.854588,0,0
1.669684,7.118234,8.787918,4.805676,38.556112,8.902096,42.222090,13.707772,43.854588,0,0
0.910795,8.363511,9.274306,4.481102,38.556112,8.857214,42.222090,13.338316,43.854588,0,0
2.952831,10.166509,13.119340,4.363543,38.556112,8.957929,42.222090,13.321472,43.854588,0,0
0.974722,5.953550,6.928272,4.121484,38.556112,8.743330,42.222090,12.864815,43.854588,0,0
1.222017,5.502329,6.724346,3.928186,38.556112,8.527264,42.222090,12.455450,43.854588,0,0
3.752181,8.016826,11.769007,3.917186,38.556112,8.495361,42.222090,12.412547,43.854588,0,0
0.798759,5.724513,6.523272,3.733749,38.556112,8.332370,42.222090,12.066119,43.854588,0,0
0.641204,11.114897,11.756101,3.561941,38.556112,8.486955,42.222090,12.048896,43.854588,0,0
3.888218,6.815976,10.704194,3.579114,38.556112,8.399009,42.222090,11.978122,43.854588,0,0
0.741666,1.889387,2.631053,3.437241,38.556112,8.073528,42.222090,11.510769,43.854588,0,0
0.986073,9.273807,10.259880,3.320519,38.556112,8.130684,42.222090,11.451203,43.854588,0,0
1.755017,5.043496,6.798513,3.249360,38.556112,7.990357,42.222090,11.239717,43.854588,0,0
2.124924,6.658402,8.783326,3.200471,38.556112,7.932446,42.222090,11.132917,43.854588,0,0
2.300832,6.257457,8.558289,3.162986,38.556112,7.862655,42.222090,11.025641,43.854588,0,0
0.930351,10.130342,11.060693,3.073681,38.556112,7.953362,42.222090,11.027043,43.854588,0,0
0.651592,16.862559,17.514151,2.980524,38.556112,8.296024,42.222090,11.276547,43.854588,0,0
1.008129,4.615144,5.623273,2.907472,38.556112,8.159695,42.222090,11.067167,43.854588,0,0
1.008869,8.250697,9.259566,2.839665,38.556112,8.162945,42.222090,11.002610,43.854588,0,0
2.710461,8.382400,11.092861,2.835209,38.556112,8.170512,42.222090,11.005722,43.854588,0,0
1.077758,4.197626,5.275384,2.776628,38.556112,8.038083,42.222090,10.814710,43.854588,0,0
0.937888,7.201901,8.139789,2.717314,38.556112,8.011109,42.222090,10.728423,43.854588,0,0
1.264610,8.498640,9.763250,2.671917,38.556112,8.026345,42.222090,10.698261,43.854588,0,0
1.541184,4.801699,6.342883,2.637652,38.556112,7.928628,42.222090,10.566280,43.854588,0,0
1.261610,6.626920,7.888530,2.597180,38.556112,7.890342,42.222090,10.487523,43.854588,0,0
1.639646,9.720640,11.360286,2.569822,38.556112,7.942637,42.222090,10.512459,43.854588,0,0
0.936962,4.112941,5.049903,2.524465,38.556112,7.836256,42.222090,10.360721,43.854588,0,0
2.399665,7.389067,9.788732,2.521092,38.556112,7.824170,42.222090,10.345262,43.854588,0,0
1.422536,3.427071,4.849607,2.492182,38.556112,7.708457,42.222090,10.200639,43.854588,0,0
1.221185,6.804142,8.025327,2.459593,38.556112,7.685269,42.222090,10.144862,43.854588,0,0
2.138943,9.322992,11.461935,2.451577,38.556112,7.726212,42.222090,10.177789,43.854588,0,0
1.266147,6.757087,8.023234,2.422664,38.556112,7.702575,42.222090,10.125239,43.854588,0,0
0.684166,7.851419,8.535585,2.381271,38.556112,7.706119,42.222090,10.087390,43.854588,0,0
1.115406,2.248517,3.363923,2.351832,38.556112,7.579198,42.222090,9.931030,43.854588,0,0
1.521721,3.495034,5.016755,2.332966,38.556112,7.486376,42.222090,9.819342,43.854588,0,0
0.982073,7.776790,8.758863,2.302946,38.556112,7.492830,42.222090,9.795776,43.854588,0,0
2.359757,4.673533,7.033290,2.304181,38.556112,7.431541,42.222090,9.735722,43.854588,0,0
0.950277,7.635734,8.586011,2.275375,38.556112,7.435885,42.222090,9.711260,43.854588,0,0
2.074387,1.691499,3.765886,2.271187,38.556112,7.316211,42.222090,9.587398,43.854588,0,0
2.298572,3.318386,5.616958,2.271746,38.556112,7.234622,42.222090,9.506369,43.854588,0,0
0.721610,5.362385,6.083995,2.240744,38.556112,7.197178,42.222090,9.437921,43.854588,0,0
2.091109,7.978327,10.069436,2.237810,38.556112,7.212494,42.222090,9.450304,43.854588,0,0
1.100258,5.660384,6.760642,2.215934,38.556112,7.182646,42.222090,9.398580,43.854588,0,0
0.889666,7.665364,8.555030,2.190910,38.556112,7.191754,42.222090,9.382663,43.854588,0,0
0.706574,10.341695,11.048269,2.163422,38.556112,7.250086,42.222090,9.413508,43.854588,0,0
1.539184,3.170145,4.709329,2.152072,38.556112,7.175905,42.222090,9.327977,43.854588,0,0
0.742129,4.541162,5.283291,2.126895,38.556112,7.128856,42.222090,9.255751,43.854588,0,0
0.928073,4.638478,5.566551,2.105863,38.556112,7.085166,42.222090,9.191028,43.854588,0,0
0.937610,10.614065,11.551675,2.085720,38.556112,7.146009,42.222090,9.231729,43.854588,0,0
2.946905,1.084073,4.030978,2.100317,38.556112,7.043264,42.222090,9.143581,43.854588,0,0
1.027814,2.989183,4.016997,2.082442,38.556112,6.975696,42.222090,9.058138,43.854588,0,0
0.956481,7.052013,8.008494,2.063983,38.556112,6.976947,42.222090,9.040930,43.854588,0,0
0.796480,10.086140,10.882620,2.043540,38.556112,7.027095,42.222090,9.070635,43.854588,0,0
1.578425,3.419812,4.998237,2.036157,38.556112,6.969837,42.222090,9.005994,43.854588,0,0
1.003499,8.013160,9.016659,2.020022,38.556112,6.986139,42.222090,9.006160,43.854588,0,0
1.187018,1.381776,2.568794,2.007206,38.556112,6.899918,42.222090,8.907124,43.854588,0,0
1.051296,6.997994,8.049290,1.992723,38.556112,6.901404,42.222090,8.894126,43.854588,0,0
3.055868,5.424107,8.479975,2.008591,38.556112,6.879355,42.222090,8.887945,43.854588,0,0
2.542961,7.149735,9.692696,2.016449,38.556112,6.883331,42.222090,8.899780,43.854588,0,0
1.440796,3.149034,4.589830,2.008106,38.556112,6.829211,42.222090,8.837317,43.854588,0,0
0.605610,8.405290,9.010900,1.988070,38.556112,6.851726,42.222090,8.839796,43.854588,0,0
1.058703,5.587514,6.646217,1.974981,38.556112,6.833920,42.222090,8.808901,43.854588,0,0
0.976203,7.807993,8.784196,1.961109,38.556112,6.847449,42.222090,8.808558,43.854588,0,0
0.777814,12.177287,12.955101,1.944899,38.556112,6.920460,42.222090,8.865360,43.854588,0,0
1.610591,6.757754,8.368345,1.940382,38.556112,6.918262,42.222090,8.858643,43.854588,0,0
0.965259,8.017382,8.982641,1.927380,38.556112,6.932917,42.222090,8.860297,43.854588,0,0
0.939036,5.845162,6.784198,1.914375,38.556112,6.918604,42.222090,8.832980,43.854588,0,0
0.957185,7.648771,8.605956,1.901944,38.556112,6.928087,42.222090,8.830031,43.854588,0,0
0.765611,5.832217,6.597828,1.887376,38.556112,6.914037,42.222090,8.801413,43.854588,0,0
0.965536,8.710956,9.676492,1.875707,38.556112,6.936783,42.222090,8.812490,43.854588,0,0
0.908203,5.519940,6.428143,1.863613,38.556112,6.919072,42.222090,8.782686,43.854588,0,0
1.726665,6.327606,8.054271,1.861923,38.556112,6.911770,42.222090,8.773693,43.854588,0,0
0.916018,3.201331,4.117349,1.850387,38.556112,6.866521,42.222090,8.716908,43.854588,0,0
0.760018,4.747682,5.507700,1.837250,38.556112,6.840993,42.222090,8.678243,43.854588,0,0
2.091239,6.067236,8.158475,1.840274,38.556112,6.831782,42.222090,8.672055,43.854588,0,0
1.390054,9.075363,10.465417,1.834977,38.556112,6.858177,42.222090,8.693154,43.854588,0,0
0.668055,4.598978,5.267033,1.821408,38.556112,6.831907,42.222090,8.653315,43.854588,0,0
0.935240,7.024050,7.959290,1.811223,38.556112,6.834115,42.222090,8.645338,43.854588,0,0
1.657018,4.148607,5.805625,1.809470,38.556112,6.803598,42.222090,8.613068,43.854588,0,0
0.713759,7.047013,7.760772,1.797159,38.556112,6.806333,42.222090,8.603492,43.854588,0,0
2.365257,8.260883,10.626140,1.803471,38.556112,6.822495,42.222090,8.625966,43.854588,0,0
0.937611,3.126849,4.064460,1.793956,38.556112,6.781883,42.222090,8.575840,43.854588,0,0
1.499221,5.268088,6.767309,1.790752,38.556112,6.765429,42.222090,8.556182,43.854588,0,0
2.446387,8.145605,10.591992,1.797802,38.556112,6.780270,42.222090,8.578072,43.854588,0,0
2.116758,5.634422,7.751180,1.801195,38.556112,6.768080,42.222090,8.569275,43.854588,0,0
2.048295,9.725437,11.773732,1.803797,38.556112,6.799210,42.222090,8.603006,43.854588,0,0
1.086369,7.957364,9.043733,1.796323,38.556112,6.811274,42.222090,8.607597,43.854588,0,0
0.748444,3.174109,3.922553,1.785520,38.556112,6.773777,42.222090,8.559298,43.854588,0,0
1.068648,7.294161,8.362809,1.778205,38.556112,6.779088,42.222090,8.557293,43.854588,0,0
1.426999,6.767087,8.194086,1.774658,38.556112,6.778966,42.222090,8.553624,43.854588,0,0
0.760203,9.179011,9.939214,1.764513,38.556112,6.802967,42.222090,8.567480,43.854588,0,0
0.967629,3.321572,4.289201,1.756623,38.556112,6.768497,42.222090,8.525121,43.854588,0,0
0.968888,4.605737,5.574625,1.748900,38.556112,6.747294,42.222090,8.496194,43.854588,0,0
1.778591,3.463812,5.242403,1.749189,38.556112,6.715415,42.222090,8.464604,43.854588,0,0
1.007814,8.802808,9.810622,1.742060,38.556112,6.735487,42.222090,8.477547,43.854588,0,0
0.813685,4.994977,5.808662,1.733218,38.556112,6.718910,42.222090,8.452129,43.854588,0,0
3.515479,5.026552,8.542031,1.750032,38.556112,6.702945,42.222090,8.452977,43.854588,0,0
1.681961,10.406956,12.088917,1.749396,38.556112,6.737562,42.222090,8.486958,43.854588,0,0
1.122036,1.662295,2.784331,1.743587,38.556112,6.690568,42.222090,8.434156,43.854588,0,0
0.956092,5.028718,5.984810,1.736362,38.556112,6.675322,42.222090,8.411684,43.854588,0,0
0.943518,4.907515,5.851033,1.729155,38.556112,6.659251,42.222090,8.388406,43.854588,0,0
1.385388,4.752811,6.138199,1.726058,38.556112,6.642076,42.222090,8.368134,43.854588,0,0
3.064794,14.854915,17.919709,1.738011,38.556112,6.715405,42.222090,8.453416,43.854588,0,0
1.846276,10.311826,12.158102,1.738969,38.556112,6.747232,42.222090,8.486200,43.854588,0,0
0.705666,5.802385,6.508051,1.729905,38.556112,6.738943,42.222090,8.468848,43.854588,0,0
1.655351,7.676402,9.331753,1.729257,38.556112,6.747095,42.222090,8.476352,43.854588,0,0
1.069869,8.066068,9.135937,1.723572,38.556112,6.758466,42.222090,8.482038,43.854588,0,0
0.622296,10.188345,10.810641,1.714160,38.556112,6.787781,42.222090,8.501940,43.854588,0,0
0.935722,7.165180,8.100902,1.707563,38.556112,6.790979,42.222090,8.498542,43.854588,0,0
1.639832,7.294013,8.933845,1.706993,38.556112,6.795206,42.222090,8.502200,43.854588,0,0
0.804611,9.119808,9.924419,1.699474,38.556112,6.814578,42.222090,8.514052,43.854588,0,0
1.688777,6.616273,8.305050,1.699385,38.556112,6.812939,42.222090,8.512324,43.854588,0,0
0.922963,7.213309,8.136272,1.693021,38.556112,6.816221,42.222090,8.509242,43.854588,0,0
1.788313,6.988940,8.777253,1.693796,38.556112,6.817625,42.222090,8.511421,43.854588,0,0
0.947184,3.048072,3.995256,1.687775,38.556112,6.787226,42.222090,8.475000,43.854588,0,0
0.767444,7.065939,7.833383,1.680412,38.556112,6.789455,42.222090,8.469867,43.854588,0,0
2.308684,6.505662,8.814346,1.685398,38.556112,6.787203,42.222090,8.472601,43.854588,0,0
1.658462,8.173180,9.831642,1.685186,38.556112,6.798116,42.222090,8.483302,43.854588,0,0
0.790370,7.063143,7.853513,1.678196,38.556112,6.800187,42.222090,8.478382,43.854588,0,0
1.001944,15.749619,16.751563,1.672953,38.556112,6.869562,42.222090,8.542515,43.854588,0,0
1.415703,5.811884,7.227587,1.670974,38.556112,6.861426,42.222090,8.532400,43.854588,0,0
2.595684,5.552107,8.147791,1.678033,38.556112,6.851431,42.222090,8.529465,43.854588,0,0
1.765184,1.249944,3.015128,1.678693,38.556112,6.808996,42.222090,8.487689,43.854588,0,0
1.402666,3.169683,4.572349,1.676618,38.556112,6.781633,42.222090,8.458251,43.854588,0,0
1.937498,6.081885,8.019383,1.678565,38.556112,6.776411,42.222090,8.454975,43.854588,0,0
1.087722,1.733572,2.821294,1.674188,38.556112,6.739056,42.222090,8.413245,43.854588,0,0
0.871148,12.552528,13.423676,1.668284,38.556112,6.781802,42.222090,8.450086,43.854588,0,0
2.391536,2.937683,5.329219,1.673563,38.556112,6.753743,42.222090,8.427306,43.854588,0,0
0.992648,6.454921,7.447569,1.668629,38.556112,6.751578,42.222090,8.420206,43.854588,0,0
0.746222,1.070869,1.817091,1.661993,38.556112,6.710709,42.222090,8.372702,43.854588,0,0
0.704018,2.852221,3.556239,1.655150,38.556112,6.683149,42.222090,8.338299,43.854588,0,0
1.679591,4.563145,6.242736,1.655323,38.556112,6.668113,42.222090,8.323436,43.854588,0,0
0.708185,9.934012,10.642197,1.648653,38.556112,6.691112,42.222090,8.339766,43.854588,0,0
0.977370,3.908831,4.886201,1.643959,38.556112,6.671656,42.222090,8.315615,43.854588,0,0
1.008314,7.497514,8.505828,1.639545,38.556112,6.677391,42.222090,8.316936,43.854588,0,0
1.754054,7.544662,9.298716,1.640335,38.556112,6.683372,42.222090,8.323707,43.854588,0,0
0.937981,7.056070,7.994051,1.635524,38.556112,6.685925,42.222090,8.321449,43.854588,0,0
0.424611,1.425851,1.850462,1.627286,38.556112,6.650142,42.222090,8.277429,43.854588,0,0
1.682351,2.890146,4.572497,1.627658,38.556112,6.624737,42.222090,8.252395,43.854588,0,0
1.008537,4.489089,5.497626,1.623503,38.556112,6.610404,42.222090,8.233907,43.854588,0,0
0.656703,5.696570,6.353273,1.617058,38.556112,6.604311,42.222090,8.221369,43.854588,0,0
1.031388,10.284808,11.316196,1.613179,38.556112,6.628685,42.222090,8.241865,43.854588,0,0
1.795518,3.836071,5.631589,1.614379,38.556112,6.610313,42.222090,8.224692,43.854588,0,0
0.772129,7.012125,7.784254,1.608874,38.556112,6.612939,42.222090,8.221813,43.854588,0,0
0.982832,1.269185,2.252017,1.604809,38.556112,6.578239,42.222090,8.183048,43.854588,0,0
2.268165,2.154109,4.422274,1.609089,38.556112,6.549697,42.222090,8.158785,43.854588,0,0
1.768462,6.591366,8.359828,1.610110,38.556112,6.549964,42.222090,8.160074,43.854588,0,0
1.315611,7.832235,9.147846,1.608234,38.556112,6.558131,42.222090,8.166366,43.854588,0,0
1.231592,2.394573,3.626165,1.605851,38.556112,6.531780,42.222090,8.137630,43.854588,0,0
2.628943,5.183015,7.811958,1.612285,38.556112,6.523297,42.222090,8.135582,43.854588,0,0
1.652443,2.129591,3.782034,1.612536,38.556112,6.495836,42.222090,8.108372,43.854588,0,0
1.139259,4.614201,5.753460,1.609597,38.556112,6.484149,42.222090,8.093745,43.854588,0,0
0.992111,7.171255,8.163366,1.605785,38.556112,6.488390,42.222090,8.094175,43.854588,0,0
1.662166,1.862887,3.525053,1.606131,38.556112,6.460013,42.222090,8.066144,43.854588,0,0
0.512203,3.620091,4.132294,1.599460,38.556112,6.442696,42.222090,8.042157,43.854588,0,0
1.017573,5.591663,6.609236,1.595934,38.556112,6.437539,42.222090,8.033472,43.854588,0,0
0.974536,7.453033,8.427569,1.592191,38.556112,6.443656,42.222090,8.035847,43.854588,0,0
1.819870,1.072795,2.892665,1.593554,38.556112,6.411495,42.222090,8.005049,43.854588,0,0
1.866888,3.184812,5.051700,1.595181,38.556112,6.392289,42.222090,7.987470,43.854588,0,0
0.951333,7.532939,8.484272,1.591371,38.556112,6.399038,42.222090,7.990409,43.854588,0,0
0.753018,10.844327,11.597345,1.586440,38.556112,6.425187,42.222090,8.011627,43.854588,0,0
1.696554,3.137683,4.834237,1.587084,38.556112,6.405962,42.222090,7.993045,43.854588,0,0
0.986981,7.138699,8.125680,1.583595,38.556112,6.410222,42.222090,7.993816,43.854588,0,0
7.547829,2.297554,9.845383,1.618070,38.556112,6.386449,42.222090,8.004519,43.854588,0,0
0.785147,10.064050,10.849197,1.613283,38.556112,6.407585,42.222090,8.020868,43.854588,0,0
1.557166,5.459644,7.016810,1.612962,38.556112,6.402168,42.222090,8.015130,43.854588,0,0
2.008646,7.219885,9.228531,1.615211,38.556112,6.406814,42.222090,8.022025,43.854588,0,0
0.996926,2.039554,3.036480,1.611717,38.556112,6.382140,42.222090,7.993858,43.854588,0,0
0.653740,1.649888,2.303628,1.606336,38.556112,6.355555,42.222090,7.961890,43.854588,0,0
1.688777,2.417128,4.105905,1.606796,38.556112,6.333552,42.222090,7.940348,43.854588,0,0
1.139425,7.372274,8.511699,1.604200,38.556112,6.339323,42.222090,7.943523,43.854588,0,0
1.162091,7.178940,8.341031,1.601757,38.556112,6.343962,42.222090,7.945719,43.854588,0,0
1.508444,4.067664,5.576108,1.601244,38.556112,6.331455,42.222090,7.932699,43.854588,0,0
2.968313,5.157330,8.125643,1.608715,38.556112,6.325039,42.222090,7.933753,43.854588,0,0
0.733851,9.822142,10.555993,1.603960,38.556112,6.344045,42.222090,7.948005,43.854588,0,0
0.948555,7.053940,8.002495,1.600417,38.556112,6.347882,42.222090,7.948299,43.854588,0,0
1.376574,1.421777,2.798351,1.599214,38.556112,6.321397,42.222090,7.920611,43.854588,0,0
1.989776,2.007259,3.997035,1.601302,38.556112,6.298327,42.222090,7.899630,43.854588,0,0
0.971573,4.316683,5.288256,1.597953,38.556112,6.287787,42.222090,7.885739,43.854588,0,0
0.725740,7.136904,7.862644,1.593338,38.556112,6.292279,42.222090,7.885617,43.854588,0,0
2.327887,7.997458,10.325345,1.597204,38.556112,6.301254,42.222090,7.898458,43.854588,0,0
2.048443,5.551682,7.600125,1.599566,38.556112,6.297329,42.222090,7.896896,43.854588,0,0
0.781388,1.442518,2.223906,1.595305,38.556112,6.272044,42.222090,7.867349,43.854588,0,0
0.948851,13.955807,14.904658,1.591956,38.556112,6.311856,42.222090,7.903812,43.854588,0,0
2.616925,1.864851,4.481776,1.597239,38.556112,6.288933,42.222090,7.886172,43.854588,0,0
0.772684,4.340887,5.113571,1.593010,38.556112,6.278943,42.222090,7.871954,43.854588,0,0
1.010333,7.521773,8.532106,1.590038,38.556112,6.285284,42.222090,7.875322,43.854588,0,0
0.930110,5.048312,5.978422,1.586688,38.556112,6.279005,42.222090,7.865693,43.854588,0,0
1.767499,6.306293,8.073792,1.587601,38.556112,6.279143,42.222090,7.866744,43.854588,0,0
1.055407,8.887272,9.942679,1.584926,38.556112,6.292249,42.222090,7.877176,43.854588,0,0
0.972555,9.464421,10.436976,1.581865,38.556112,6.308110,42.222090,7.889975,43.854588,0,0
2.145796,6.740422,8.886218,1.584670,38.556112,6.310261,42.222090,7.894931,43.854588,0,0
1.097944,1.078370,2.176314,1.582261,38.556112,6.284361,42.222090,7.866621,43.854588,0,0
0.616222,5.213534,5.829756,1.577502,38.556112,6.279086,42.222090,7.856587,43.854588,0,0
0.980592,6.321275,7.301867,1.574576,38.556112,6.279292,42.222090,7.853868,43.854588,0,0
1.105795,6.984534,8.090329,1.572289,38.556112,6.282733,42.222090,7.855022,43.854588,0,0
0.695981,1.910092,2.606073,1.568035,38.556112,6.261506,42.222090,7.829541,43.854588,0,0
0.988296,4.581423,5.569719,1.565235,38.556112,6.253390,42.222090,7.818624,43.854588,0,0
1.460036,6.046756,7.506792,1.564729,38.556112,6.252396,42.222090,7.817125,43.854588,0,0
0.603166,7.315274,7.918440,1.560128,38.556112,6.257482,42.222090,7.817610,43.854588,0,0
0.980185,1.336518,2.316703,1.557366,38.556112,6.234049,42.222090,7.791415,43.854588,0,0
0.915648,7.163144,8.078792,1.554325,38.556112,6.238452,42.222090,7.792777,43.854588,0,0
2.108203,4.945868,7.054071,1.556938,38.556112,6.232355,42.222090,7.789293,43.854588,0,0
1.638888,7.294459,8.933347,1.557322,38.556112,6.237341,42.222090,7.794664,43.854588,0,0
0.767018,2.469535,3.236553,1.553629,38.556112,6.219735,42.222090,7.773364,43.854588,0,0
2.284351,3.355406,5.639757,1.557028,38.556112,6.206412,42.222090,7.763440,43.854588,0,0
0.984351,4.431035,5.415386,1.554377,38.556112,6.198193,42.222090,7.752570,43.854588,0,0
1.323815,6.362126,7.685941,1.553314,38.556112,6.198948,42.222090,7.752263,43.854588,0,0
2.009758,8.014625,10.024383,1.555408,38.556112,6.207277,42.222090,7.762685,43.854588,0,0
1.016129,6.973663,7.989792,1.552946,38.556112,6.210777,42.222090,7.763722,43.854588,0,0
0.655389,8.619977,9.275366,1.548866,38.556112,6.221728,42.222090,7.770594,43.854588,0,0
1.142147,3.926128,5.068275,1.547026,38.556112,6.211340,42.222090,7.758366,43.854588,0,0
9.821439,6.598386,16.419825,1.584298,38.556112,6.213084,42.222090,7.797381,43.854588,0,0
0.758796,4.683868,5.442664,1.580596,38.556112,6.206226,42.222090,7.786822,43.854588,0,0
1.006611,6.986015,7.992626,1.578033,38.556112,6.209708,42.222090,7.787741,43.854588,0,0
0.940999,2.144703,3.085702,1.575202,38.556112,6.191641,42.222090,7.766843,43.854588,0,0
2.151499,5.912330,8.063829,1.577752,38.556112,6.190405,42.222090,7.768157,43.854588,0,0
0.960055,7.872755,8.832810,1.575031,38.556112,6.197816,42.222090,7.772847,43.854588,0,0
1.410222,2.191610,3.601832,1.574308,38.556112,6.180245,42.222090,7.754553,43.854588,0,0
2.434610,3.365572,5.800182,1.578065,38.556112,6.167954,42.222090,7.746019,43.854588,0,0
0.949480,6.594275,7.543755,1.575332,38.556112,6.169808,42.222090,7.745139,43.854588,0,0
0.641184,2.062518,2.703702,1.571288,38.556112,6.152027,42.222090,7.723315,43.854588,0,0
1.735610,5.866108,7.601718,1.571996,38.556112,6.150795,42.222090,7.722791,43.854588,0,0
1.045999,1.049500,2.095499,1.569739,38.556112,6.128901,42.222090,7.698639,43.854588,0,0
2.181795,0.974074,3.155869,1.572354,38.556112,6.106871,42.222090,7.679226,43.854588,0,0
0.906907,3.068961,3.975868,1.569523,38.556112,6.093944,42.222090,7.663467,43.854588,0,0
1.659277,6.942107,8.601384,1.569903,38.556112,6.097538,42.222090,7.667441,43.854588,0,0
2.305647,3.512165,5.817812,1.573007,38.556112,6.086629,42.222090,7.659637,43.854588,0,0
0.966185,3.791127,4.757312,1.570458,38.556112,6.076984,42.222090,7.647442,43.854588,0,0
0.727685,7.511533,8.239218,1.566932,38.556112,6.082987,42.222090,7.649918,43.854588,0,0
1.851906,7.942830,9.794736,1.568119,38.556112,6.090736,42.222090,7.658855,43.854588,0,0
0.960463,7.072885,8.033348,1.565598,38.556112,6.094811,42.222090,7.660409,43.854588,0,0
0.753351,7.367089,8.120440,1.562241,38.556112,6.100069,42.222090,7.662310,43.854588,0,0
2.105573,8.744107,10.849680,1.564477,38.556112,6.110950,42.222090,7.675427,43.854588,0,0
1.037055,3.270498,4.307553,1.562316,38.556112,6.099308,42.222090,7.661624,43.854588,0,0
1.522666,3.647276,5.169942,1.562154,38.556112,6.089300,42.222090,7.651454,43.854588,0,0
1.088796,4.315146,5.403942,1.560229,38.556112,6.082088,42.222090,7.642317,43.854588,0,0
0.966129,3.250777,4.216906,1.557824,38.556112,6.070625,42.222090,7.628449,43.854588,0,0
2.326795,4.698183,7.024978,1.560925,38.556112,6.065091,42.222090,7.626016,43.854588,0,0
0.989111,2.241018,3.230129,1.558628,38.556112,6.049733,42.222090,7.608362,43.854588,0,0
0.968130,4.784886,5.753016,1.556266,38.556112,6.044674,42.222090,7.600940,43.854588,0,0
0.646130,6.673237,7.319367,1.552640,38.556112,6.047178,42.222090,7.599819,43.854588,0,0
1.066407,1.058925,2.125332,1.550711,38.556112,6.027384,42.222090,7.578095,43.854588,0,0
2.339351,1.532851,3.872202,1.553828,38.556112,6.009619,42.222090,7.563447,43.854588,0,0
0.811888,3.592258,4.404146,1.550907,38.556112,6.000102,42.222090,7.551009,43.854588,0,0
0.972666,5.782590,6.755256,1.548639,38.556112,5.999249,42.222090,7.547888,43.854588,0,0
1.710703,7.771496,9.482199,1.549272,38.556112,6.006171,42.222090,7.555444,43.854588,0,0
2.228481,3.386832,5.615313,1.551915,38.556112,5.995979,42.222090,7.547895,43.854588,0,0
1.466684,5.414035,6.880719,1.551585,38.556112,5.993724,42.222090,7.545309,43.854588,0,0
1.532999,4.998683,6.531682,1.551513,38.556112,5.989882,42.222090,7.541395,43.854588,0,0
1.892685,7.343256,9.235941,1.552825,38.556112,5.995087,42.222090,7.547913,43.854588,0,0
1.016444,9.199755,10.216199,1.550770,38.556112,6.007366,42.222090,7.558136,43.854588,0,0
0.751148,1.531240,2.282388,1.547718,38.556112,5.990281,42.222090,7.537999,43.854588,0,0
2.150184,1.087666,3.237850,1.550009,38.556112,5.971640,42.222090,7.521649,43.854588,0,0
1.704369,5.064072,6.768441,1.550594,38.556112,5.968202,42.222090,7.518796,43.854588,0,0
0.994648,7.393589,8.388237,1.548496,38.556112,5.973581,42.222090,7.522077,43.854588,0,0
2.340517,7.798571,10.139088,1.551473,38.556112,5.980442,42.222090,7.531915,43.854588,0,0
0.979000,9.056200,10.035200,1.549329,38.556112,5.991962,42.222090,7.541291,43.854588,0,0
1.410425,4.443369,5.853794,1.548811,38.556112,5.986183,42.222090,7.534994,43.854588,0,0
3.245294,4.818906,8.064200,1.555118,38.556112,5.981844,42.222090,7.536962,43.854588,0,0
0.983203,9.777107,10.760310,1.552999,38.556112,5.995901,42.222090,7.548900,43.854588,0,0
0.719333,2.439406,3.158739,1.549923,38.556112,5.982777,42.222090,7.532700,43.854588,0,0
1.736999,3.190758,4.927757,1.550611,38.556112,5.972512,42.222090,7.523123,43.854588,0,0
1.150869,7.407627,8.558496,1.549147,38.556112,5.977769,42.222090,7.526916,43.854588,0,0
1.474425,9.194551,10.668976,1.548874,38.556112,5.989509,42.222090,7.538383,43.854588,0,0
1.028703,9.562737,10.591440,1.546982,38.556112,6.002503,42.222090,7.549485,43.854588,0,0
1.421481,5.129553,6.551034,1.546528,38.556112,5.999340,42.222090,7.545867,43.854588,0,0
0.774185,9.977921,10.752106,1.543739,38.556112,6.013703,42.222090,7.557442,43.854588,0,0
0.978629,5.386238,6.364867,1.541707,38.556112,6.011446,42.222090,7.553153,43.854588,0,0
1.035907,5.198906,6.234813,1.539894,38.556112,6.008534,42.222090,7.548427,43.854588,0,0
2.283758,5.588387,7.872145,1.542550,38.556112,6.007033,42.222090,7.549583,43.854588,0,0
1.061536,8.950682,10.012218,1.540839,38.556112,6.017509,42.222090,7.558347,43.854588,0,0
1.528536,1.680815,3.209351,1.540795,38.556112,6.002130,42.222090,7.542925,43.854588,0,0
2.128536,2.917128,5.045664,1.542872,38.556112,5.991229,42.222090,7.534101,43.854588,0,0
1.708333,4.397554,6.105887,1.543454,38.556112,5.985618,42.222090,7.529072,43.854588,0,0
0.985407,6.738182,7.723589,1.541496,38.556112,5.988258,42.222090,7.529755,43.854588,0,0
3.350313,7.640886,10.991199,1.547821,38.556112,5.994037,42.222090,7.541858,43.854588,0,0
2.318073,3.449017,5.767090,1.550505,38.556112,5.985169,42.222090,7.535674,43.854588,0,0
1.348074,4.545072,5.893146,1.549802,38.556112,5.980169,42.222090,7.529971,43.854588,0,0
2.848240,5.288349,8.136589,1.554295,38.556112,5.977775,42.222090,7.532070,43.854588,0,0
0.992481,5.282183,6.274664,1.552357,38.556112,5.975376,42.222090,7.527734,43.854588,0,0
0.617871,5.404849,6.022720,1.549146,38.556112,5.973416,42.222090,7.522562,43.854588,0,0
1.784777,6.982664,8.767441,1.549953,38.556112,5.976872,42.222090,7.526825,43.854588,0,0
0.707259,2.199499,2.906758,1.547077,38.556112,5.963980,42.222090,7.511057,43.854588,0,0
0.759259,2.747851,3.507110,1.544397,38.556112,5.953041,42.222090,7.497438,43.854588,0,0
0.970611,2.650443,3.621054,1.542452,38.556112,5.941845,42.222090,7.484298,43.854588,0,0
1.835499,4.531295,6.366794,1.543442,38.556112,5.937080,42.222090,7.480522,43.854588,0,0
1.236389,6.564812,7.801201,1.542408,38.556112,5.939194,42.222090,7.481602,43.854588,0,0
0.970870,9.705960,10.676830,1.540491,38.556112,5.951834,42.222090,7.492324,43.854588,0,0
1.465537,4.400405,5.865942,1.540240,38.556112,5.946645,42.222090,7.486885,43.854588,0,0
1.841943,5.615813,7.457756,1.541246,38.556112,5.945542,42.222090,7.486788,43.854588,0,0
1.038092,8.242905,9.280997,1.539574,38.556112,5.953175,42.222090,7.492749,43.854588,0,0
0.828499,1.408315,2.236814,1.537219,38.556112,5.938126,42.222090,7.475345,43.854588,0,0
1.955463,2.538684,4.494147,1.538600,38.556112,5.926906,42.222090,7.465506,43.854588,0,0
2.513258,1.772018,4.285276,1.541806,38.556112,5.913239,42.222090,7.455045,43.854588,0,0
2.383740,5.444942,7.828682,1.544566,38.556112,5.911703,42.222090,7.456270,43.854588,0,0
2.251110,10.848422,13.099532,1.546875,38.556112,5.927837,42.222090,7.474712,43.854588,0,0
2.051462,2.234555,4.286017,1.548519,38.556112,5.915806,42.222090,7.464325,43.854588,0,0
1.433388,4.962887,6.396275,1.548145,38.556112,5.912712,42.222090,7.460857,43.854588,0,0
0.970926,5.337164,6.308090,1.546277,38.556112,5.910850,42.222090,7.457127,43.854588,0,0
0.986944,4.108906,5.095850,1.544473,38.556112,5.905037,42.222090,7.449510,43.854588,0,0
0.816167,5.795072,6.611239,1.542131,38.556112,5.904683,42.222090,7.446814,43.854588,0,0
2.606925,6.966516,9.573441,1.545544,38.556112,5.908087,42.222090,7.453631,43.854588,0,0
0.838333,10.859737,11.698070,1.543284,38.556112,5.923907,42.222090,7.467191,43.854588,0,0
0.808204,4.481017,5.289221,1.540943,38.556112,5.919312,42.222090,7.460255,43.854588,0,0
0.982241,7.050034,8.032275,1.539170,38.556112,5.922901,42.222090,7.462071,43.854588,0,0
1.632611,8.260293,9.892904,1.539465,38.556112,5.930298,42.222090,7.469763,43.854588,0,0
2.196517,2.744111,4.940628,1.541538,38.556112,5.920247,42.222090,7.461785,43.854588,0,0
0.919129,6.552627,7.471756,1.539581,38.556112,5.922236,42.222090,7.461816,43.854588,0,0
1.521518,1.098166,2.619684,1.539524,38.556112,5.907113,42.222090,7.446637,43.854588,0,0
1.745277,4.012110,5.757387,1.540167,38.556112,5.901191,42.222090,7.441358,43.854588,0,0
1.457314,6.741849,8.199163,1.539909,38.556112,5.903810,42.222090,7.443719,43.854588,0,0
0.692962,4.654443,5.347405,1.537279,38.556112,5.899930,42.222090,7.437209,43.854588,0,0
3.515221,4.493239,8.008460,1.543402,38.556112,5.895575,42.222090,7.438977,43.854588,0,0
1.036259,10.208700,11.244959,1.541837,38.556112,5.908887,42.222090,7.450724,43.854588,0,0
0.785240,8.719553,9.504793,1.539509,38.556112,5.917535,42.222090,7.457044,43.854588,0,0
0.971407,11.144348,12.115755,1.537766,38.556112,5.933568,42.222090,7.471335,43.854588,0,0
0.710981,5.336461,6.047442,1.535238,38.556112,5.931742,42.222090,7.466981,43.854588,0,0
2.320591,6.275313,8.595904,1.537632,38.556112,5.932790,42.222090,7.470422,43.854588,0,0
0.989592,10.817885,11.807477,1.535967,38.556112,5.947638,42.222090,7.483605,43.854588,0,0
1.429629,5.892295,7.321924,1.535644,38.556112,5.947470,42.222090,7.483115,43.854588,0,0
1.979166,8.683442,10.662608,1.536984,38.556112,5.955736,42.222090,7.492721,43.854588,0,0
1.133370,3.431480,4.564850,1.535769,38.556112,5.948133,42.222090,7.483902,43.854588,0,0
0.643259,5.390517,6.033776,1.533088,38.556112,5.946459,42.222090,7.479547,43.854588,0,0
1.709536,7.885590,9.595126,1.533617,38.556112,5.952264,42.222090,7.485881,43.854588,0,0
1.130259,2.003852,3.134111,1.532413,38.556112,5.940478,42.222090,7.472891,43.854588,0,0
0.744944,4.843850,5.588794,1.530069,38.556112,5.937214,42.222090,7.467283,43.854588,0,0
0.950296,7.544035,8.494331,1.528349,38.556112,5.941982,42.222090,7.470331,43.854588,0,0
1.630426,8.771275,10.401701,1.528651,38.556112,5.950353,42.222090,7.479004,43.854588,0,0
2.193592,2.856554,5.050146,1.530612,38.556112,5.941227,42.222090,7.471839,43.854588,0,0
0.954240,7.012387,7.966627,1.528917,38.556112,5.944377,42.222090,7.473294,43.854588,0,0
0.969333,9.017497,9.986830,1.527276,38.556112,5.953389,42.222090,7.480665,43.854588,0,0
1.993610,4.173240,6.166850,1.528639,38.556112,5.948184,42.222090,7.476824,43.854588,0,0
1.724148,6.450275,8.174423,1.529209,38.556112,5.949648,42.222090,7.478857,43.854588,0,0
1.866259,5.710980,7.577239,1.530189,38.556112,5.948954,42.222090,7.479143,43.854588,0,0
2.990925,3.165629,6.156554,1.534423,38.556112,5.940887,42.222090,7.475310,43.854588,0,0
1.090296,7.263609,8.353905,1.533140,38.556112,5.944709,42.222090,7.477849,43.854588,0,0
0.775759,4.111203,4.886962,1.530957,38.556112,5.939426,42.222090,7.470383,43.854588,0,0
0.950500,7.047405,7.997905,1.529289,38.556112,5.942609,42.222090,7.471898,43.854588,0,0
2.127018,7.817201,9.944219,1.531002,38.556112,5.947981,42.222090,7.478982,43.854588,0,0
0.705389,11.299219,12.004608,1.528643,38.556112,5.963270,42.222090,7.491913,43.854588,0,0
1.505332,2.810981,4.316313,1.528576,38.556112,5.954289,42.222090,7.482866,43.854588,0,0
0.946204,7.967960,8.914164,1.526922,38.556112,5.960010,42.222090,7.486932,43.854588,0,0
2.020277,1.342129,3.362406,1.528320,38.556112,5.946928,42.222090,7.475248,43.854588,0,0
0.987999,7.013961,8.001960,1.526793,38.556112,5.949942,42.222090,7.476735,43.854588,0,0
0.689833,2.530555,3.220388,1.524436,38.556112,5.940310,42.222090,7.464746,43.854588,0,0
1.696759,4.290147,5.986906,1.524920,38.556112,5.935675,42.222090,7.460594,43.854588,0,0
1.108963,7.530516,8.639479,1.523755,38.556112,5.940142,42.222090,7.463897,43.854588,0,0
0.730352,8.900553,9.630905,1.521538,38.556112,5.948411,42.222090,7.469950,43.854588,0,0
1.692463,1.703018,3.395481,1.522014,38.556112,5.936586,42.222090,7.458600,43.854588,0,0
2.903462,2.333184,5.236646,1.525852,38.556112,5.926576,42.222090,7.452428,43.854588,0,0
0.738666,6.993887,7.732553,1.523671,38.556112,5.929533,42.222090,7.453204,43.854588,0,0
0.905296,3.396907,4.302203,1.521963,38.556112,5.922537,42.222090,7.444500,43.854588,0,0
0.969148,3.117851,4.086999,1.520440,38.556112,5.914810,42.222090,7.435250,43.854588,0,0
3.230795,2.747925,5.978720,1.525139,38.556112,5.906110,42.222090,7.431249,43.854588,0,0
1.047925,11.991275,13.039200,1.523831,38.556112,5.922782,42.222090,7.446613,43.854588,0,0
0.909037,2.117648,3.026685,1.522152,38.556112,5.912385,42.222090,7.434537,43.854588,0,0
2.292888,3.685629,5.978517,1.524252,38.556112,5.906318,42.222090,7.430570,43.854588,0,0
1.432352,7.800628,9.232980,1.524002,38.556112,5.911465,42.222090,7.435467,43.854588,0,0
0.883815,10.072627,10.956442,1.522267,38.556112,5.922742,42.222090,7.445009,43.854588,0,0
0.986574,4.005555,4.992129,1.520819,38.556112,5.917561,42.222090,7.438380,43.854588,0,0
0.975925,7.422795,8.398720,1.519351,38.556112,5.921618,42.222090,7.440968,43.854588,0,0
0.729555,2.065000,2.794555,1.517227,38.556112,5.911251,42.222090,7.428478,43.854588,0,0
0.992925,3.719536,4.712461,1.515822,38.556112,5.905375,42.222090,7.421197,43.854588,0,0
1.841407,6.635980,8.477387,1.516692,38.556112,5.907328,42.222090,7.424021,43.854588,0,0
1.158963,9.819368,10.978331,1.515738,38.556112,5.917760,42.222090,7.433499,43.854588,0,0
1.527703,4.168443,5.696146,1.515770,38.556112,5.913108,42.222090,7.428878,43.854588,0,0
1.478462,5.911851,7.390313,1.515671,38.556112,5.913105,42.222090,7.428776,43.854588,0,0
0.819833,8.237832,9.057665,1.513830,38.556112,5.919255,42.222090,7.433085,43.854588,0,0
1.758074,6.273350,8.031424,1.514475,38.556112,5.920189,42.222090,7.434664,43.854588,0,0
0.992648,7.768517,8.761165,1.513102,38.556112,5.925053,42.222090,7.438155,43.854588,0,0
2.440296,8.131794,10.572090,1.515535,38.556112,5.930845,42.222090,7.446380,43.854588,0,0
1.824222,2.728537,4.552759,1.516343,38.556112,5.922462,42.222090,7.438805,43.854588,0,0
2.704777,5.016462,7.721239,1.519446,38.556112,5.920096,42.222090,7.439543,43.854588,0,0
2.799222,9.215257,12.014479,1.522779,38.556112,5.928677,42.222090,7.451457,43.854588,0,0
1.011000,7.080906,8.091906,1.521450,38.556112,5.931670,42.222090,7.453120,43.854588,0,0
0.638851,8.102869,8.741720,1.519163,38.556112,5.937295,42.222090,7.456458,43.854588,0,0
1.101407,3.417740,4.519147,1.518084,38.556112,5.930785,42.222090,7.448868,43.854588,0,0
1.001056,4.916999,5.918055,1.516751,38.556112,5.928172,42.222090,7.444923,43.854588,0,0
0.958222,7.147832,8.106054,1.515315,38.556112,5.931307,42.222090,7.446623,43.854588,0,0
0.967407,9.007313,9.974720,1.513910,38.556112,5.939194,42.222090,7.453105,43.854588,0,0
1.663573,8.389573,10.053146,1.514293,38.556112,5.945461,42.222090,7.459755,43.854588,0,0
2.010481,3.115481,5.125962,1.515559,38.556112,5.938242,42.222090,7.453801,43.854588,0,0
0.921333,6.962017,7.883350,1.514047,38.556112,5.940847,42.222090,7.454894,43.854588,0,0
1.419667,1.016907,2.436574,1.513807,38.556112,5.928350,42.222090,7.442157,43.854588,0,0
2.044481,2.470240,4.514721,1.515151,38.556112,5.919595,42.222090,7.434746,43.854588,0,0
0.963592,3.439721,4.403313,1.513758,38.556112,5.913333,42.222090,7.427091,43.854588,0,0
1.534204,6.594980,8.129184,1.513810,38.556112,5.915050,42.222090,7.428859,43.854588,0,0
1.697147,2.247481,3.944628,1.514270,38.556112,5.905835,42.222090,7.420105,43.854588,0,0
1.121019,6.948350,8.069369,1.513285,38.556112,5.908448,42.222090,7.421732,43.854588,0,0
0.703944,9.458535,10.162479,1.511261,38.556112,5.917323,42.222090,7.428584,43.854588,0,0
1.040333,10.147442,11.187775,1.510087,38.556112,5.927872,42.222090,7.437959,43.854588,0,0
1.707389,2.878536,4.585925,1.510578,38.556112,5.920286,42.222090,7.430864,43.854588,0,0
2.216833,3.960888,6.177721,1.512330,38.556112,5.915424,42.222090,7.427754,43.854588,0,0
1.190407,6.707647,7.898054,1.511533,38.556112,5.917385,42.222090,7.428919,43.854588,0,0
1.480814,7.227091,8.707905,1.511458,38.556112,5.920619,42.222090,7.432077,43.854588,0,0
1.143925,7.355295,8.499220,1.510552,38.556112,5.924153,42.222090,7.434705,43.854588,0,0
1.706888,8.638924,10.345812,1.511035,38.556112,5.930823,42.222090,7.441858,43.854588,0,0
0.968908,2.584240,3.553148,1.509706,38.556112,5.922621,42.222090,7.432326,43.854588,0,0
0.822833,4.219148,5.041981,1.508027,38.556112,5.918456,42.222090,7.426482,43.854588,0,0
1.028222,6.701073,7.729295,1.506856,38.556112,5.920364,42.222090,7.427221,43.854588,0,0
1.875888,7.565480,9.441368,1.507754,38.556112,5.924367,42.222090,7.432121,43.854588,0,0
3.018259,2.240610,5.258869,1.511420,38.556112,5.915426,42.222090,7.426846,43.854588,0,0
1.050759,6.973277,8.024036,1.510305,38.556112,5.917987,42.222090,7.428292,43.854588,0,0
0.970703,11.439943,12.410646,1.509002,38.556112,5.931325,42.222090,7.440327,43.854588,0,0
1.991500,3.686647,5.678147,1.510164,38.556112,5.925916,42.222090,7.436081,43.854588,0,0
1.060704,8.493258,9.553962,1.509084,38.556112,5.932088,42.222090,7.441172,43.854588,0,0
0.675444,2.191740,2.867184,1.507085,38.556112,5.923118,42.222090,7.430203,43.854588,0,0
1.747278,2.950240,4.697518,1.507659,38.556112,5.916006,42.222090,7.423666,43.854588,0,0
2.222351,6.639851,8.862202,1.509365,38.556112,5.917734,42.222090,7.427099,43.854588,0,0
2.056648,5.618610,7.675258,1.510668,38.556112,5.917022,42.222090,7.427690,43.854588,0,0
2.310962,3.636037,5.946999,1.512569,38.556112,5.911604,42.222090,7.424173,43.854588,0,0
1.658833,7.104166,8.762999,1.512916,38.556112,5.914429,42.222090,7.427345,43.854588,0,0
0.754407,8.598017,9.352424,1.511123,38.556112,5.920774,42.222090,7.431896,43.854588,0,0
1.065185,1.328833,2.394018,1.510071,38.556112,5.909944,42.222090,7.420014,43.854588,0,0
0.943148,3.218184,4.161332,1.508737,38.556112,5.903610,42.222090,7.412347,43.854588,0,0
1.938222,5.654629,7.592851,1.509745,38.556112,5.903026,42.222090,7.412771,43.854588,0,0
2.147315,7.218276,9.365591,1.511238,38.556112,5.906106,42.222090,7.417344,43.854588,0,0
0.790037,4.292722,5.082759,1.509553,38.556112,5.902336,42.222090,7.411889,43.854588,0,0
2.272500,4.697407,6.969907,1.511332,38.556112,5.899528,42.222090,7.410859,43.854588,0,0
1.656111,8.141128,9.797239,1.511668,38.556112,5.904741,42.222090,7.416409,43.854588,0,0
0.688000,3.646481,4.334481,1.509757,38.556112,5.899501,42.222090,7.409258,43.854588,0,0
1.012445,7.017462,8.029907,1.508606,38.556112,5.902089,42.222090,7.410695,43.854588,0,0
1.648389,4.062462,5.710851,1.508929,38.556112,5.897840,42.222090,7.406769,43.854588,0,0
0.776759,7.019277,7.796036,1.507242,38.556112,5.900424,42.222090,7.407666,43.854588,0,0
1.763593,7.950202,9.713795,1.507831,38.556112,5.905136,42.222090,7.412967,43.854588,0,0
0.829759,9.610055,10.439814,1.506276,38.556112,5.913634,42.222090,7.419910,43.854588,0,0
1.131148,10.390462,11.521610,1.505417,38.556112,5.923878,42.222090,7.429296,43.854588,0,0
1.523389,2.429426,3.952815,1.505458,38.556112,5.915900,42.222090,7.421359,43.854588,0,0
0.992871,4.653240,5.646111,1.504291,38.556112,5.913024,42.222090,7.417315,43.854588,0,0
0.874796,5.945018,6.819814,1.502860,38.556112,5.913097,42.222090,7.415957,43.854588,0,0
2.379814,5.224333,7.604147,1.504849,38.556112,5.911535,42.222090,7.416384,43.854588,0,0
2.516407,10.690591,13.206998,1.507137,38.556112,5.922347,42.222090,7.429485,43.854588,0,0
2.265389,4.280110,6.545499,1.508849,38.556112,5.918640,42.222090,7.427489,43.854588,0,0
0.948963,7.418832,8.367795,1.507588,38.556112,5.922019,42.222090,7.429607,43.854588,0,0
1.419241,2.754037,4.173278,1.507389,38.556112,5.914900,42.222090,7.422289,43.854588,0,0
2.066741,4.948999,7.015740,1.508644,38.556112,5.912734,42.222090,7.421378,43.854588,0,0
1.126388,4.922944,6.049332,1.507788,38.556112,5.910520,42.222090,7.418308,43.854588,0,0
0.745833,7.236055,7.981888,1.506088,38.556112,5.913479,42.222090,7.419566,43.854588,0,0
1.056926,4.743166,5.800092,1.505087,38.556112,5.910872,42.222090,7.415959,43.854588,0,0
1.061574,7.080721,8.142295,1.504102,38.556112,5.913472,42.222090,7.417574,43.854588,0,0
0.840944,9.736721,10.577665,1.502631,38.556112,5.921949,42.222090,7.424580,43.854588,0,0
1.842167,3.445777,5.287944,1.503382,38.556112,5.916471,42.222090,7.419853,43.854588,0,0
1.239963,5.698907,6.938870,1.502801,38.556112,5.915991,42.222090,7.418792,43.854588,0,0
2.439703,7.363426,9.803129,1.504865,38.556112,5.919179,42.222090,7.424043,43.854588,0,0
1.176222,1.827593,3.003815,1.504142,38.556112,5.910186,42.222090,7.414329,43.854588,0,0
1.555833,1.419166,2.974999,1.504256,38.556112,5.900338,42.222090,7.404593,43.854588,0,0
2.055037,4.057796,6.112833,1.505461,38.556112,5.896306,42.222090,7.401767,43.854588,0,0
1.950240,5.796870,7.747110,1.506432,38.556112,5.896089,42.222090,7.402521,43.854588,0,0
0.784593,2.062592,2.847185,1.504859,38.556112,5.887737,42.222090,7.392596,43.854588,0,0
1.619648,3.835981,5.455629,1.505109,38.556112,5.883276,42.222090,7.388385,43.854588,0,0
2.880759,6.228833,9.109592,1.508093,38.556112,5.884026,42.222090,7.392119,43.854588,0,0
0.654629,9.156944,9.811573,1.506246,38.556112,5.891110,42.222090,7.397356,43.854588,0,0
0.967518,5.024185,5.991703,1.505082,38.556112,5.889238,42.222090,7.394320,43.854588,0,0
4.114722,4.347351,8.462073,1.510706,38.556112,5.885915,42.222090,7.396621,43.854588,0,0
0.846463,11.083648,11.930111,1.509278,38.556112,5.897093,42.222090,7.406371,43.854588,0,0
2.114759,4.526388,6.641147,1.510577,38.556112,5.894151,42.222090,7.404728,43.854588,0,0
1.128703,7.269981,8.398684,1.509759,38.556112,5.897097,42.222090,7.406857,43.854588,0,0
2.025667,1.519000,3.544667,1.510862,38.556112,5.887742,42.222090,7.398604,43.854588,0,0
0.994870,7.267184,8.262054,1.509762,38.556112,5.890684,42.222090,7.400445,43.854588,0,0
0.785000,7.793852,8.578852,1.508220,38.556112,5.894733,42.222090,7.402953,43.854588,0,0
2.253981,8.251685,10.505666,1.509803,38.556112,5.899737,42.222090,7.409540,43.854588,0,0
1.075222,2.902148,3.977370,1.508882,38.556112,5.893386,42.222090,7.402269,43.854588,0,0
0.812741,7.080370,7.893111,1.507410,38.556112,5.895896,42.222090,7.403306,43.854588,0,0
0.951093,10.338407,11.289500,1.506237,38.556112,5.905268,42.222090,7.411505,43.854588,0,0
1.664426,4.288648,5.953074,1.506570,38.556112,5.901865,42.222090,7.408435,43.854588,0,0
0.779926,5.763147,6.543073,1.505043,38.556112,5.901573,42.222090,7.406617,43.854588,0,0
0.788574,7.509592,8.298166,1.503541,38.556112,5.904944,42.222090,7.408486,43.854588,0,0
1.019129,0.995296,2.014425,1.502528,38.556112,5.894673,42.222090,7.397201,43.854588,0,0
2.008425,3.588741,5.597166,1.503584,38.556112,5.889859,42.222090,7.393443,43.854588,0,0
1.073593,6.476963,7.550556,1.502688,38.556112,5.891082,42.222090,7.393770,43.854588,0,0
1.802296,7.753370,9.555666,1.503311,38.556112,5.894954,42.222090,7.398265,43.854588,0,0
2.226000,9.052203,11.278203,1.504810,38.556112,5.901504,42.222090,7.406315,43.854588,0,0
1.040445,12.840444,13.880889,1.503849,38.556112,5.915871,42.222090,7.419720,43.854588,0,0
0.972259,6.110759,7.083018,1.502751,38.556112,5.916273,42.222090,7.419024,43.854588,0,0
2.295130,5.588481,7.883611,1.504384,38.556112,5.915597,42.222090,7.419982,43.854588,0,0
1.042426,1.046870,2.089296,1.503434,38.556112,5.905579,42.222090,7.409013,43.854588,0,0
1.427129,2.066241,3.493370,1.503277,38.556112,5.897696,42.222090,7.400973,43.854588,0,0
1.958555,4.178611,6.137166,1.504210,38.556112,5.894173,42.222090,7.398383,43.854588,0,0
1.428482,10.024833,11.453315,1.504055,38.556112,5.902620,42.222090,7.406676,43.854588,0,0
1.181833,2.547500,3.729333,1.503398,38.556112,5.895773,42.222090,7.399171,43.854588,0,0
1.654555,7.845037,9.499592,1.503706,38.556112,5.899743,42.222090,7.403449,43.854588,0,0
1.466463,1.031352,2.497815,1.503630,38.556112,5.889848,42.222090,7.393478,43.854588,0,0
0.839130,3.323740,4.162870,1.502282,38.556112,5.884643,42.222090,7.386925,43.854588,0,0
0.787833,8.229963,9.017796,1.500836,38.556112,5.889391,42.222090,7.390226,43.854588,0,0
0.958481,4.415500,5.373981,1.499740,38.556112,5.886413,42.222090,7.386153,43.854588,0,0
2.658797,4.646370,7.305167,1.502077,38.556112,5.883913,42.222090,7.385990,43.854588,0,0
1.022371,8.476870,9.499241,1.501112,38.556112,5.889130,42.222090,7.390242,43.854588,0,0
1.423796,3.485297,4.909093,1.500956,38.556112,5.884303,42.222090,7.385260,43.854588,0,0
2.041148,5.836944,7.878092,1.502039,38.556112,5.884208,42.222090,7.386247,43.854588,0,0
1.016333,2.168833,3.185166,1.501068,38.556112,5.876777,42.222090,7.377845,43.854588,0,0
0.478538,3.238240,3.716778,1.499027,38.556112,5.871511,42.222090,7.370537,43.854588,0,0
1.749741,6.656204,8.405945,1.499526,38.556112,5.873074,42.222090,7.372600,43.854588,0,0
1.032000,3.779999,4.811999,1.498597,38.556112,5.868913,42.222090,7.367509,43.854588,0,0
2.422741,5.098055,7.520796,1.500430,38.556112,5.867383,42.222090,7.367814,43.854588,0,0
0.966574,8.401907,9.368481,1.499373,38.556112,5.872402,42.222090,7.371775,43.854588,0,0
1.679333,10.521537,12.200870,1.499729,38.556112,5.881590,42.222090,7.381319,43.854588,0,0
2.297204,5.355759,7.652963,1.501302,38.556112,5.880553,42.222090,7.381855,43.854588,0,0
0.790796,4.916815,5.707611,1.499903,38.556112,5.878656,42.222090,7.378559,43.854588,0,0
1.461018,5.373185,6.834203,1.499827,38.556112,5.877663,42.222090,7.377489,43.854588,0,0
1.977704,8.377740,10.355444,1.500764,38.556112,5.882565,42.222090,7.383329,43.854588,0,0
1.051167,7.066574,8.117741,1.499884,38.556112,5.884882,42.222090,7.384766,43.854588,0,0
2.055593,2.282148,4.337741,1.500969,38.556112,5.877845,42.222090,7.378815,43.854588,0,0
1.877241,4.733463,6.610704,1.501703,38.556112,5.875615,42.222090,7.377317,43.854588,0,0
0.986852,5.460259,6.447111,1.500701,38.556112,5.874807,42.222090,7.375508,43.854588,0,0
0.849741,8.169666,9.019407,1.499437,38.556112,5.879263,42.222090,7.378700,43.854588,0,0
1.009000,11.301796,12.310796,1.498486,38.556112,5.889771,42.222090,7.388258,43.854588,0,0
0.974130,2.600222,3.574352,1.497472,38.556112,5.883409,42.222090,7.380881,43.854588,0,0
2.826685,5.529759,8.356444,1.500038,38.556112,5.882726,42.222090,7.382764,43.854588,0,0
1.065815,8.497870,9.563685,1.499202,38.556112,5.887765,42.222090,7.386966,43.854588,0,0
1.559370,3.904297,5.463667,1.499317,38.556112,5.883950,42.222090,7.383268,43.854588,0,0
2.017241,4.480185,6.497426,1.500311,38.556112,5.881256,42.222090,7.381567,43.854588,0,0
0.992945,9.131166,10.124111,1.499339,38.556112,5.887482,42.222090,7.386821,43.854588,0,0
0.804463,8.836223,9.640686,1.498011,38.556112,5.893120,42.222090,7.391131,43.854588,0,0
7.674889,4.522981,12.197870,1.509799,38.556112,5.890505,42.222090,7.400304,43.854588,0,0
2.139666,8.364889,10.504555,1.510999,38.556112,5.895218,42.222090,7.406217,43.854588,0,0
0.772204,9.833833,10.606037,1.509594,38.556112,5.902706,42.222090,7.412300,43.854588,0,0
1.055778,6.217889,7.273667,1.508733,38.556112,5.903304,42.222090,7.412037,43.854588,0,0
2.443537,4.620555,7.064092,1.510503,38.556112,5.900875,42.222090,7.411378,43.854588,0,0
0.764185,9.877389,10.641574,1.509092,38.556112,5.908392,42.222090,7.417484,43.854588,0,0
0.995889,6.879093,7.874982,1.508124,38.556112,5.910223,42.222090,7.418348,43.854588,0,0
0.985926,9.578056,10.563982,1.507141,38.556112,5.917131,42.222090,7.424272,43.854588,0,0
1.811611,3.120389,4.932000,1.507713,38.556112,5.911874,42.222090,7.419587,43.854588,0,0
0.947112,3.942759,4.889871,1.506661,38.556112,5.908179,42.222090,7.414841,43.854588,0,0
0.909241,4.322815,5.232056,1.505543,38.556112,5.905211,42.222090,7.410753,43.854588,0,0
2.454944,5.642482,8.097426,1.507317,38.556112,5.904719,42.222090,7.412037,43.854588,0,0
1.872500,2.488630,4.361130,1.507998,38.556112,5.898346,42.222090,7.406345,43.854588,0,0
0.678500,3.927871,4.606371,1.506454,38.556112,5.894677,42.222090,7.401130,43.854588,0,0
1.031074,6.084908,7.115982,1.505570,38.556112,5.895030,42.222090,7.400600,43.854588,0,0
0.997315,9.678890,10.676205,1.504627,38.556112,5.902051,42.222090,7.406678,43.854588,0,0
0.750426,3.132426,3.882852,1.503230,38.556112,5.896922,42.222090,7.400152,43.854588,0,0
0.999278,7.843537,8.842815,1.502299,38.556112,5.900520,42.222090,7.402819,43.854588,0,0
0.959537,4.002889,4.962426,1.501298,38.556112,5.897019,42.222090,7.398316,43.854588,0,0
2.074815,3.471093,5.545908,1.502354,38.556112,5.892551,42.222090,7.394905,43.854588,0,0
1.011093,5.379759,6.390852,1.501451,38.556112,5.891608,42.222090,7.393059,43.854588,0,0
1.008481,8.145167,9.153648,1.500546,38.556112,5.895743,42.222090,7.396289,43.854588,0,0
3.013519,7.916833,10.930352,1.503317,38.556112,5.899445,42.222090,7.402762,43.854588,0,0
1.475852,12.116890,13.592742,1.503267,38.556112,5.910811,42.222090,7.414078,43.854588,0,0
1.402982,6.574982,7.977964,1.503084,38.556112,5.912023,42.222090,7.415107,43.854588,0,0
2.336797,8.954000,11.290797,1.504603,38.556112,5.917564,42.222090,7.422167,43.854588,0,0
1.027055,3.933797,4.960852,1.503734,38.556112,5.913957,42.222090,7.417692,43.854588,0,0
2.175463,3.015926,5.191389,1.504953,38.556112,5.908698,42.222090,7.413651,43.854588,0,0
1.997556,7.288278,9.285834,1.505846,38.556112,5.911197,42.222090,7.417043,43.854588,0,0
1.104797,4.911352,6.016149,1.505121,38.556112,5.909389,42.222090,7.414510,43.854588,0,0
